actorid,weight
88481,0.0309222747577
135820,0.0309222747577
171770,0.0309222747577
177901,0.921909111265
178740,0.0309222747577
226291,0.0309222747577
254211,0.105985582791
272055,0.524321467833
473272,0.0309222747577
489685,0.0309222747577
495390,0.0309222747577
537812,0.0309222747577
571000,0.0476009031069
629873,0.0309222747577
698041,0.0309222747577
735794,0.229996019603
855628,0.0309222747577
912318,0.0309222747577
912638,0.0309222747577
955924,0.0476009031069
